ActivityType,Count,AvgMaxGrade
Assignment,416,40.55288461538461
Lecture,1187,25.0
Quiz,558,40.053763440860216
