DifficultyLevel,TotalAttempts,PassedAttempts,AvgScore,PassRate
Easy,1524,762,50.29127296587926,50.0
Hard,1821,933,51.06626373626374,51.2
Medium,1557,811,51.87185089974293,52.1
