UserId,TotalActions,AvgEngagement,LoginCount
1.0,1557,0.8653308756240101,658
8.0,1548,0.8813469184242003,696
7.0,1522,0.46695508784759343,684
6.0,1505,0.6785928272260137,658
2.0,1484,0.20540540540540597,649
4.0,1483,0.42255834807532716,667
5.0,1448,0.34058184123196084,626
3.0,1446,0.39999999999999997,639
